,Essential,Random
Y2H,0.6241651487553127,0.598 +- 0.013
AP-MS,0.3237051792828685,0.384 +- 0.052
LIT,0.281121187139324,0.097 +- 0.042
LIT-Reguly,0.5700992555831266,0.528 +- 0.011
